Date,Name,Year,Letterboxd URI
2022-02-28,Uncharted,2022,https://boxd.it/b5Dy
2022-02-28,Texas Chainsaw Massacre,2022,https://boxd.it/ns6c
2022-02-28,The King's Man,2021,https://boxd.it/h714
2022-02-28,Deadpool & Wolverine,2024,https://boxd.it/jq8s
2022-02-28,Tenet,2020,https://boxd.it/leq4
2022-02-28,Free Guy,2021,https://boxd.it/k8dm
2022-02-28,Okja,2017,https://boxd.it/dvXe
2022-02-28,Venom: Let There Be Carnage,2021,https://boxd.it/llco
2022-02-28,The Platform,2019,https://boxd.it/mUm6
2022-02-28,High Life,2018,https://boxd.it/d6bk
2022-02-28,Coherence,2013,https://boxd.it/6xza
2022-02-28,Possessor,2020,https://boxd.it/fsJW
2022-02-28,Downsizing,2017,https://boxd.it/9Ajq
2022-02-28,Gemini Man,2019,https://boxd.it/gaUu
2022-02-28,The Midnight Sky,2020,https://boxd.it/mK6C
2022-02-28,Chaos Walking,2021,https://boxd.it/ey2M
2022-02-28,Finch,2021,https://boxd.it/iXBq
2022-02-28,Guardians of the Galaxy Vol. 3,2023,https://boxd.it/fVNI
2022-02-28,Spider-Man: Across the Spider-Verse,2023,https://boxd.it/kSz4
2022-02-28,Spring,2014,https://boxd.it/76Sm
2022-02-28,Sputnik,2020,https://boxd.it/lUya
2022-02-28,Nope,2022,https://boxd.it/sDCe
2022-02-28,Black Panther: Wakanda Forever,2022,https://boxd.it/igPu
2022-02-28,Dune: Part Two,2024,https://boxd.it/pUfA
2022-04-20,The Northman,2022,https://boxd.it/nK2s
2022-04-20,Mirage,2018,https://boxd.it/jeOm
2022-05-14,Memoria,2021,https://boxd.it/iwtE
2025-02-02,Nosferatu,2024,https://boxd.it/f5eG
2025-02-02,Titane,2021,https://boxd.it/nlQC
2025-02-19,Companion,2025,https://boxd.it/F04o
2025-02-19,Flow,2024,https://boxd.it/v1Ei
2025-04-01,Adolescence,2025,https://boxd.it/TFGw
2025-04-01,The Accountant,2016,https://boxd.it/9EhI
2025-04-01,The Accountant²,2025,https://boxd.it/wOm0
2025-04-01,Heretic,2024,https://boxd.it/H1lY
